{
  "timestamp": "2025-08-26 23:52:32",
  "models": {
    "ai_detection_roberta": {
      "model_name": "AI Detection RoBERTa",
      "model_id": "roberta-base-openai-detector",
      "evaluation_time": 27.142601013183594,
      "samples_evaluated": 1000,
      "samples_per_second": 36.84245292167409,
      "metrics": {
        "accuracy": 0.5,
        "precision": 0.5,
        "recall": 1.0,
        "f1_score": 0.6666666666666666
      },
      "confusion_matrix": [
        [
          0,
          500
        ],
        [
          0,
          500
        ]
      ],
      "classification_report": {
        "Human": {
          "precision": 0.0,
          "recall": 0.0,
          "f1-score": 0.0,
          "support": 500.0
        },
        "AI": {
          "precision": 0.5,
          "recall": 1.0,
          "f1-score": 0.6666666666666666,
          "support": 500.0
        },
        "accuracy": 0.5,
        "macro avg": {
          "precision": 0.25,
          "recall": 0.5,
          "f1-score": 0.3333333333333333,
          "support": 1000.0
        },
        "weighted avg": {
          "precision": 0.25,
          "recall": 0.5,
          "f1-score": 0.3333333333333333,
          "support": 1000.0
        }
      },
      "sample_results_saved": "ai_detection_roberta_detailed_results.csv"
    },
    "chatgpt_detector_roberta": {
      "model_name": "ChatGPT Detector RoBERTa",
      "model_id": "Hello-SimpleAI/chatgpt-detector-roberta",
      "evaluation_time": 43.76987648010254,
      "samples_evaluated": 1000,
      "samples_per_second": 22.84676312611009,
      "metrics": {
        "accuracy": 0.75,
        "precision": 0.8571428571428571,
        "recall": 0.6,
        "f1_score": 0.7058823529411765
      },
      "confusion_matrix": [
        [
          450,
          50
        ],
        [
          200,
          300
        ]
      ],
      "classification_report": {
        "Human": {
          "precision": 0.6923076923076923,
          "recall": 0.9,
          "f1-score": 0.782608695652174,
          "support": 500.0
        },
        "AI": {
          "precision": 0.8571428571428571,
          "recall": 0.6,
          "f1-score": 0.7058823529411765,
          "support": 500.0
        },
        "accuracy": 0.75,
        "macro avg": {
          "precision": 0.7747252747252746,
          "recall": 0.75,
          "f1-score": 0.7442455242966752,
          "support": 1000.0
        },
        "weighted avg": {
          "precision": 0.7747252747252746,
          "recall": 0.75,
          "f1-score": 0.7442455242966752,
          "support": 1000.0
        }
      },
      "sample_results_saved": "chatgpt_detector_roberta_detailed_results.csv"
    },
    "openai_community_roberta": {
      "model_name": "OpenAI Community RoBERTa",
      "model_id": "openai-community/roberta-base-openai-detector",
      "evaluation_time": 40.42408776283264,
      "samples_evaluated": 1000,
      "samples_per_second": 24.737725829880965,
      "metrics": {
        "accuracy": 0.75,
        "precision": 1.0,
        "recall": 0.5,
        "f1_score": 0.6666666666666666
      },
      "confusion_matrix": [
        [
          500,
          0
        ],
        [
          250,
          250
        ]
      ],
      "classification_report": {
        "Human": {
          "precision": 0.6666666666666666,
          "recall": 1.0,
          "f1-score": 0.8,
          "support": 500.0
        },
        "AI": {
          "precision": 1.0,
          "recall": 0.5,
          "f1-score": 0.6666666666666666,
          "support": 500.0
        },
        "accuracy": 0.75,
        "macro avg": {
          "precision": 0.8333333333333333,
          "recall": 0.75,
          "f1-score": 0.7333333333333334,
          "support": 1000.0
        },
        "weighted avg": {
          "precision": 0.8333333333333333,
          "recall": 0.75,
          "f1-score": 0.7333333333333333,
          "support": 1000.0
        }
      },
      "sample_results_saved": "openai_community_roberta_detailed_results.csv"
    }
  },
  "overall_summary": {}
}